config_id,agente,score_a,score_b,movimentos,celulas_limpas,passos,passos_ate_limpo,movimentos_ate_limpo,percentual_limpo
0,Baseado em modelo,19.0,-68.0,87.0,19.0,500.0,95.0,76.0,100.0
0,Reativo simples,18.1,-463.8,481.9,18.1,500.0,395.4,376.4,95.26315789473685
1,Baseado em modelo,14.0,-68.0,82.0,14.0,500.0,79.0,65.0,100.0
1,Reativo simples,13.2,-473.6,486.8,13.2,500.0,384.3333333333333,370.3333333333333,94.28571428571429
2,Baseado em modelo,17.0,-68.0,85.0,17.0,500.0,80.0,63.0,100.0
2,Reativo simples,14.5,-471.0,485.5,14.5,500.0,330.5,313.5,85.29411764705883
3,Baseado em modelo,31.0,-57.0,88.0,31.0,500.0,105.0,74.0,100.0
3,Reativo simples,29.0,-442.0,471.0,29.0,500.0,400.0,369.0,93.54838709677419
4,Baseado em modelo,29.0,-54.0,83.0,29.0,500.0,93.0,64.0,100.0
4,Reativo simples,24.8,-450.4,475.2,24.8,500.0,,,85.51724137931035
5,Baseado em modelo,27.0,-64.0,91.0,27.0,500.0,77.0,50.0,100.0
5,Reativo simples,25.0,-450.0,475.0,25.0,500.0,371.3333333333333,344.3333333333333,92.59259259259258
6,Baseado em modelo,15.0,-60.0,75.0,15.0,500.0,89.0,74.0,100.0
6,Reativo simples,14.3,-471.4,485.7,14.3,500.0,442.3333333333333,427.3333333333333,95.33333333333334
7,Baseado em modelo,25.0,-65.0,90.0,25.0,500.0,91.0,66.0,100.0
7,Reativo simples,23.8,-452.4,476.2,23.8,500.0,348.6,323.6,95.2
8,Baseado em modelo,24.0,-64.0,88.0,24.0,500.0,96.0,72.0,100.0
8,Reativo simples,22.4,-455.2,477.6,22.4,500.0,299.0,275.0,93.33333333333333
9,Baseado em modelo,7.0,-63.0,70.0,7.0,500.0,64.0,57.0,100.0
9,Reativo simples,5.8,-488.4,494.2,5.8,500.0,439.0,432.0,82.85714285714286
10,Baseado em modelo,20.0,-53.0,73.0,20.0,500.0,66.0,46.0,100.0
10,Reativo simples,15.9,-468.2,484.1,15.9,500.0,,,79.5
11,Baseado em modelo,29.0,-67.0,96.0,29.0,500.0,103.0,74.0,100.0
11,Reativo simples,26.7,-446.6,473.3,26.7,500.0,,,92.06896551724137
12,Baseado em modelo,15.0,-62.0,77.0,15.0,500.0,70.0,55.0,100.0
12,Reativo simples,14.4,-471.2,485.6,14.4,500.0,408.85714285714283,393.85714285714283,96.0
13,Baseado em modelo,19.0,-62.0,81.0,19.0,500.0,82.0,63.0,100.0
13,Reativo simples,17.0,-466.0,483.0,17.0,500.0,393.0,374.0,89.47368421052632
14,Baseado em modelo,26.0,-44.0,70.0,26.0,500.0,87.0,61.0,100.0
14,Reativo simples,20.2,-459.6,479.8,20.2,500.0,,,77.6923076923077
15,Baseado em modelo,31.0,-59.0,90.0,31.0,500.0,104.0,73.0,100.0
15,Reativo simples,29.2,-441.6,470.8,29.2,500.0,397.0,366.0,94.19354838709678
16,Baseado em modelo,13.0,-58.0,71.0,13.0,500.0,67.0,54.0,100.0
16,Reativo simples,11.5,-477.0,488.5,11.5,500.0,398.0,385.0,88.46153846153847
17,Baseado em modelo,16.0,-65.0,81.0,16.0,500.0,65.0,49.0,100.0
17,Reativo simples,14.9,-470.2,485.1,14.9,500.0,282.8333333333333,266.8333333333333,93.125
18,Baseado em modelo,28.0,-55.0,83.0,28.0,500.0,95.0,67.0,100.0
18,Reativo simples,24.8,-450.4,475.2,24.8,500.0,457.0,429.0,88.57142857142858
19,Baseado em modelo,15.0,-58.0,73.0,15.0,500.0,82.0,67.0,100.0
19,Reativo simples,13.2,-473.6,486.8,13.2,500.0,325.0,310.0,88.0
20,Baseado em modelo,21.0,-56.0,77.0,21.0,500.0,80.0,59.0,100.0
20,Reativo simples,20.6,-458.8,479.4,20.6,500.0,358.3333333333333,337.3333333333333,98.0952380952381
21,Baseado em modelo,32.0,-62.0,94.0,32.0,500.0,115.0,83.0,100.0
21,Reativo simples,29.0,-442.0,471.0,29.0,500.0,397.0,365.0,90.625
22,Baseado em modelo,32.0,-64.0,96.0,32.0,500.0,126.0,94.0,100.0
22,Reativo simples,24.2,-451.6,475.8,24.2,500.0,,,75.625
23,Baseado em modelo,15.0,-57.0,72.0,15.0,500.0,65.0,50.0,100.0
23,Reativo simples,12.8,-474.4,487.2,12.8,500.0,474.0,459.0,85.33333333333334
24,Baseado em modelo,24.0,-52.0,76.0,24.0,500.0,84.0,60.0,100.0
24,Reativo simples,20.9,-458.2,479.1,20.9,500.0,205.0,181.0,87.08333333333334
25,Baseado em modelo,18.0,-58.0,76.0,18.0,500.0,87.0,69.0,100.0
25,Reativo simples,16.7,-466.6,483.3,16.7,500.0,347.25,329.25,92.77777777777777
26,Baseado em modelo,16.0,-54.0,70.0,16.0,500.0,66.0,50.0,100.0
26,Reativo simples,13.5,-473.0,486.5,13.5,500.0,343.0,327.0,84.375
27,Baseado em modelo,16.0,-67.0,83.0,16.0,500.0,62.0,46.0,100.0
27,Reativo simples,15.2,-469.6,484.8,15.2,500.0,398.1666666666667,382.1666666666667,95.0
28,Baseado em modelo,18.0,-60.0,78.0,18.0,500.0,73.0,55.0,100.0
28,Reativo simples,16.7,-466.6,483.3,16.7,500.0,401.25,383.25,92.77777777777777
29,Baseado em modelo,23.0,-56.0,79.0,23.0,500.0,89.0,66.0,100.0
29,Reativo simples,19.6,-460.8,480.4,19.6,500.0,,,85.21739130434783
30,Baseado em modelo,36.0,-53.0,89.0,36.0,500.0,92.0,56.0,100.0
30,Reativo simples,32.2,-435.6,467.8,32.2,500.0,310.0,274.0,89.44444444444444
31,Baseado em modelo,19.0,-58.0,77.0,19.0,500.0,84.0,65.0,100.0
31,Reativo simples,17.7,-464.6,482.3,17.7,500.0,358.0,339.0,93.15789473684211
32,Baseado em modelo,31.0,-58.0,89.0,31.0,500.0,79.0,48.0,100.0
32,Reativo simples,29.4,-441.2,470.6,29.4,500.0,444.0,413.0,94.83870967741936
33,Baseado em modelo,20.0,-54.0,74.0,20.0,500.0,88.0,68.0,100.0
33,Reativo simples,18.1,-463.8,481.9,18.1,500.0,,,90.5
34,Baseado em modelo,25.0,-55.0,80.0,25.0,500.0,86.0,61.0,100.0
34,Reativo simples,23.1,-453.8,476.9,23.1,500.0,359.0,334.0,92.4
35,Baseado em modelo,11.0,-62.0,73.0,11.0,500.0,67.0,56.0,100.0
35,Reativo simples,10.0,-480.0,490.0,10.0,500.0,309.5,298.5,90.9090909090909
36,Baseado em modelo,31.0,-74.0,105.0,31.0,500.0,89.0,58.0,100.0
36,Reativo simples,30.1,-439.8,469.9,30.1,500.0,469.6666666666667,438.6666666666667,97.09677419354838
37,Baseado em modelo,16.0,-63.0,79.0,16.0,500.0,68.0,52.0,100.0
37,Reativo simples,14.7,-470.6,485.3,14.7,500.0,376.0,360.0,91.875
38,Baseado em modelo,36.0,-54.0,90.0,36.0,500.0,116.0,80.0,100.0
38,Reativo simples,31.2,-437.6,468.8,31.2,500.0,,,86.66666666666666
39,Baseado em modelo,17.0,-58.0,75.0,17.0,500.0,64.0,47.0,100.0
39,Reativo simples,14.6,-470.8,485.4,14.6,500.0,483.0,466.0,85.88235294117648
