config_id,agente,memoria,score_a,score_b,movimentos,passos,celulas_limpas,total_sujos,limpo,passos_ate_limpo,movimentos_ate_limpo,percentual_limpo
0,Baseado em modelo,mapa,8896.0,8809.0,87,500,19,19,True,95.0,76.0,100.0
0,Baseado em modelo,posicao,8018.0,7537.0,481,500,19,19,True,237.0,218.0,100.0
0,Baseado em modelo,hibrida,8770.0,8289.0,481,500,19,19,True,84.0,65.0,100.0
1,Baseado em modelo,mapa,6575.0,6493.0,82,500,14,14,True,79.0,65.0,100.0
1,Baseado em modelo,posicao,5147.0,4660.0,487,500,13,14,False,,,92.85714285714286
1,Baseado em modelo,hibrida,6339.0,5853.0,486,500,14,14,True,158.0,144.0,100.0
2,Baseado em modelo,mapa,8011.0,7926.0,85,500,17,17,True,80.0,63.0,100.0
2,Baseado em modelo,posicao,5727.0,5243.0,484,500,16,17,False,,,94.11764705882354
2,Baseado em modelo,hibrida,7305.0,6822.0,483,500,17,17,True,184.0,167.0,100.0
3,Baseado em modelo,mapa,14215.0,14127.0,88,500,31,31,True,105.0,74.0,100.0
3,Baseado em modelo,posicao,11784.0,11315.0,469,500,31,31,True,458.0,427.0,100.0
3,Baseado em modelo,hibrida,13905.0,13436.0,469,500,31,31,True,131.0,100.0,100.0
4,Baseado em modelo,mapa,13246.0,13163.0,83,500,29,29,True,93.0,64.0,100.0
4,Baseado em modelo,posicao,10047.0,9573.0,474,500,26,29,False,,,89.65517241379311
4,Baseado em modelo,hibrida,12892.0,12421.0,471,500,29,29,True,153.0,124.0,100.0
5,Baseado em modelo,mapa,12535.0,12444.0,91,500,27,27,True,77.0,50.0,100.0
5,Baseado em modelo,posicao,11196.0,10723.0,473,500,27,27,True,218.0,191.0,100.0
5,Baseado em modelo,hibrida,12115.0,11642.0,473,500,27,27,True,209.0,182.0,100.0
6,Baseado em modelo,mapa,6978.0,6903.0,75,500,15,15,True,89.0,74.0,100.0
6,Baseado em modelo,posicao,6003.0,5518.0,485,500,15,15,True,262.0,247.0,100.0
6,Baseado em modelo,hibrida,6578.0,6093.0,485,500,15,15,True,152.0,137.0,100.0
7,Baseado em modelo,mapa,11567.0,11477.0,90,500,25,25,True,91.0,66.0,100.0
7,Baseado em modelo,posicao,9129.0,8653.0,476,500,24,25,False,,,96.0
7,Baseado em modelo,hibrida,11191.0,10716.0,475,500,25,25,True,133.0,108.0,100.0
8,Baseado em modelo,mapa,11143.0,11055.0,88,500,24,24,True,96.0,72.0,100.0
8,Baseado em modelo,posicao,8921.0,8445.0,476,500,24,24,True,491.0,467.0,100.0
8,Baseado em modelo,hibrida,10123.0,9646.0,477,500,23,24,False,,,95.83333333333333
9,Baseado em modelo,mapa,3174.0,3104.0,70,500,7,7,True,64.0,57.0,100.0
9,Baseado em modelo,posicao,3039.0,2546.0,493,500,7,7,True,224.0,217.0,100.0
9,Baseado em modelo,hibrida,3122.0,2629.0,493,500,7,7,True,166.0,159.0,100.0
10,Baseado em modelo,mapa,9413.0,9340.0,73,500,20,20,True,66.0,46.0,100.0
10,Baseado em modelo,posicao,6545.0,6062.0,483,500,17,20,False,,,85.0
10,Baseado em modelo,hibrida,8695.0,8215.0,480,500,20,20,True,139.0,119.0,100.0
11,Baseado em modelo,mapa,13388.0,13292.0,96,500,29,29,True,103.0,74.0,100.0
11,Baseado em modelo,posicao,11148.0,10675.0,473,500,27,29,False,,,93.10344827586206
11,Baseado em modelo,hibrida,13070.0,12599.0,471,500,29,29,True,116.0,87.0,100.0
12,Baseado em modelo,mapa,7033.0,6956.0,77,500,15,15,True,70.0,55.0,100.0
12,Baseado em modelo,posicao,5598.0,5113.0,485,500,15,15,True,308.0,293.0,100.0
12,Baseado em modelo,hibrida,6215.0,5730.0,485,500,15,15,True,227.0,212.0,100.0
13,Baseado em modelo,mapa,8857.0,8776.0,81,500,19,19,True,82.0,63.0,100.0
13,Baseado em modelo,posicao,8014.0,7533.0,481,500,19,19,True,213.0,194.0,100.0
13,Baseado em modelo,hibrida,8269.0,7788.0,481,500,19,19,True,242.0,223.0,100.0
14,Baseado em modelo,mapa,11985.0,11915.0,70,500,26,26,True,87.0,61.0,100.0
14,Baseado em modelo,posicao,8112.0,7635.0,477,500,23,26,False,,,88.46153846153847
14,Baseado em modelo,hibrida,9263.0,8789.0,474,500,26,26,True,380.0,354.0,100.0
15,Baseado em modelo,mapa,14288.0,14198.0,90,500,31,31,True,104.0,73.0,100.0
15,Baseado em modelo,posicao,11605.0,11135.0,470,500,30,31,False,,,96.7741935483871
15,Baseado em modelo,hibrida,13932.0,13463.0,469,500,31,31,True,109.0,78.0,100.0
16,Baseado em modelo,mapa,6123.0,6052.0,71,500,13,13,True,67.0,54.0,100.0
16,Baseado em modelo,posicao,3182.0,2693.0,489,500,11,13,False,,,84.61538461538461
16,Baseado em modelo,hibrida,5849.0,5362.0,487,500,13,13,True,161.0,148.0,100.0
17,Baseado em modelo,mapa,7594.0,7513.0,81,500,16,16,True,65.0,49.0,100.0
17,Baseado em modelo,posicao,6688.0,6204.0,484,500,16,16,True,177.0,161.0,100.0
17,Baseado em modelo,hibrida,7014.0,6530.0,484,500,16,16,True,130.0,114.0,100.0
18,Baseado em modelo,mapa,12935.0,12852.0,83,500,28,28,True,95.0,67.0,100.0
18,Baseado em modelo,posicao,10927.0,10454.0,473,500,27,28,False,,,96.42857142857143
18,Baseado em modelo,hibrida,12677.0,12205.0,472,500,28,28,True,128.0,100.0,100.0
19,Baseado em modelo,mapa,7037.0,6964.0,73,500,15,15,True,82.0,67.0,100.0
19,Baseado em modelo,posicao,5266.0,4781.0,485,500,15,15,True,433.0,418.0,100.0
19,Baseado em modelo,hibrida,6833.0,6348.0,485,500,15,15,True,242.0,227.0,100.0
20,Baseado em modelo,mapa,9826.0,9749.0,77,500,21,21,True,80.0,59.0,100.0
20,Baseado em modelo,posicao,8532.0,8053.0,479,500,21,21,True,457.0,436.0,100.0
20,Baseado em modelo,hibrida,9296.0,8817.0,479,500,21,21,True,202.0,181.0,100.0
21,Baseado em modelo,mapa,14572.0,14478.0,94,500,32,32,True,115.0,83.0,100.0
21,Baseado em modelo,posicao,12731.0,12263.0,468,500,32,32,True,485.0,453.0,100.0
21,Baseado em modelo,hibrida,14178.0,13710.0,468,500,32,32,True,437.0,405.0,100.0
22,Baseado em modelo,mapa,14614.0,14518.0,96,500,32,32,True,126.0,94.0,100.0
22,Baseado em modelo,posicao,8132.0,7658.0,474,500,26,32,False,,,81.25
22,Baseado em modelo,hibrida,13604.0,13136.0,468,500,32,32,True,324.0,292.0,100.0
23,Baseado em modelo,mapa,7042.0,6970.0,72,500,15,15,True,65.0,50.0,100.0
23,Baseado em modelo,posicao,5629.0,5143.0,486,500,14,15,False,,,93.33333333333333
23,Baseado em modelo,hibrida,6351.0,5865.0,486,500,14,15,False,,,93.33333333333333
24,Baseado em modelo,mapa,11134.0,11058.0,76,500,24,24,True,84.0,60.0,100.0
24,Baseado em modelo,posicao,9389.0,8913.0,476,500,24,24,True,405.0,381.0,100.0
24,Baseado em modelo,hibrida,10890.0,10414.0,476,500,24,24,True,168.0,144.0,100.0
25,Baseado em modelo,mapa,8363.0,8287.0,76,500,18,18,True,87.0,69.0,100.0
25,Baseado em modelo,posicao,6616.0,6133.0,483,500,17,18,False,,,94.44444444444444
25,Baseado em modelo,hibrida,7889.0,7407.0,482,500,18,18,True,129.0,111.0,100.0
26,Baseado em modelo,mapa,7521.0,7451.0,70,500,16,16,True,66.0,50.0,100.0
26,Baseado em modelo,posicao,5405.0,4921.0,484,500,16,16,True,410.0,394.0,100.0
26,Baseado em modelo,hibrida,6943.0,6459.0,484,500,16,16,True,291.0,275.0,100.0
27,Baseado em modelo,mapa,7438.0,7355.0,83,500,16,16,True,62.0,46.0,100.0
27,Baseado em modelo,posicao,6279.0,5795.0,484,500,16,16,True,291.0,275.0,100.0
27,Baseado em modelo,hibrida,6934.0,6450.0,484,500,16,16,True,286.0,270.0,100.0
28,Baseado em modelo,mapa,8453.0,8375.0,78,500,18,18,True,73.0,55.0,100.0
28,Baseado em modelo,posicao,7219.0,6737.0,482,500,18,18,True,309.0,291.0,100.0
28,Baseado em modelo,hibrida,8093.0,7611.0,482,500,18,18,True,113.0,95.0,100.0
29,Baseado em modelo,mapa,10725.0,10646.0,79,500,23,23,True,89.0,66.0,100.0
29,Baseado em modelo,posicao,8698.0,8221.0,477,500,23,23,True,424.0,401.0,100.0
29,Baseado em modelo,hibrida,10275.0,9798.0,477,500,23,23,True,140.0,117.0,100.0
30,Baseado em modelo,mapa,16375.0,16286.0,89,500,36,36,True,92.0,56.0,100.0
30,Baseado em modelo,posicao,12541.0,12076.0,465,500,35,36,False,,,97.22222222222223
30,Baseado em modelo,hibrida,15711.0,15247.0,464,500,36,36,True,276.0,240.0,100.0
31,Baseado em modelo,mapa,8943.0,8866.0,77,500,19,19,True,84.0,65.0,100.0
31,Baseado em modelo,posicao,7306.0,6825.0,481,500,19,19,True,369.0,350.0,100.0
31,Baseado em modelo,hibrida,8419.0,7938.0,481,500,19,19,True,241.0,222.0,100.0
32,Baseado em modelo,mapa,14266.0,14177.0,89,500,31,31,True,79.0,48.0,100.0
32,Baseado em modelo,posicao,11154.0,10685.0,469,500,31,31,True,359.0,328.0,100.0
32,Baseado em modelo,hibrida,13232.0,12763.0,469,500,31,31,True,262.0,231.0,100.0
33,Baseado em modelo,mapa,9214.0,9140.0,74,500,20,20,True,88.0,68.0,100.0
33,Baseado em modelo,posicao,6256.0,5775.0,481,500,19,20,False,,,95.0
33,Baseado em modelo,hibrida,9076.0,8596.0,480,500,20,20,True,101.0,81.0,100.0
34,Baseado em modelo,mapa,11595.0,11515.0,80,500,25,25,True,86.0,61.0,100.0
34,Baseado em modelo,posicao,9182.0,8706.0,476,500,24,25,False,,,96.0
34,Baseado em modelo,hibrida,10741.0,10265.0,476,500,24,25,False,,,96.0
35,Baseado em modelo,mapa,5257.0,5184.0,73,500,11,11,True,67.0,56.0,100.0
35,Baseado em modelo,posicao,4743.0,4254.0,489,500,11,11,True,167.0,156.0,100.0
35,Baseado em modelo,hibrida,4715.0,4226.0,489,500,11,11,True,160.0,149.0,100.0
36,Baseado em modelo,mapa,14202.0,14097.0,105,500,31,31,True,89.0,58.0,100.0
36,Baseado em modelo,posicao,12506.0,12037.0,469,500,31,31,True,356.0,325.0,100.0
36,Baseado em modelo,hibrida,13528.0,13059.0,469,500,31,31,True,345.0,314.0,100.0
37,Baseado em modelo,mapa,7474.0,7395.0,79,500,16,16,True,68.0,52.0,100.0
37,Baseado em modelo,posicao,6874.0,6390.0,484,500,16,16,True,340.0,324.0,100.0
37,Baseado em modelo,hibrida,7114.0,6630.0,484,500,16,16,True,143.0,127.0,100.0
38,Baseado em modelo,mapa,16427.0,16337.0,90,500,36,36,True,116.0,80.0,100.0
38,Baseado em modelo,posicao,9941.0,9471.0,470,500,30,36,False,,,83.33333333333333
38,Baseado em modelo,hibrida,16141.0,15677.0,464,500,36,36,True,212.0,176.0,100.0
39,Baseado em modelo,mapa,8008.0,7933.0,75,500,17,17,True,64.0,47.0,100.0
39,Baseado em modelo,posicao,5826.0,5342.0,484,500,16,17,False,,,94.11764705882354
39,Baseado em modelo,hibrida,7620.0,7137.0,483,500,17,17,True,100.0,83.0,100.0
