config_id,seed,largura,altura,densidade_sujeira,densidade_obstaculo,posicao_inicial,agente,memoria,repeticao,score_a,score_b,movimentos,passos,celulas_limpas,total_sujos,limpo,passos_ate_limpo,movimentos_ate_limpo,percentual_limpo
0,763641,8,8,0.43,0.05,"7,2",Reativo simples,mapa,0,5527.0,5044.0,483,500,17,19,False,,,89.47368421052632
0,763641,8,8,0.43,0.05,"7,2",Reativo simples,mapa,1,6756.0,6273.0,483,500,17,19,False,,,89.47368421052632
0,763641,8,8,0.43,0.05,"7,2",Reativo simples,mapa,2,6961.0,6478.0,483,500,17,19,False,,,89.47368421052632
0,763641,8,8,0.43,0.05,"7,2",Reativo simples,mapa,3,5085.0,4764.0,321,340,19,19,True,340.0,321.0,100.0
0,763641,8,8,0.43,0.05,"7,2",Reativo simples,mapa,4,5149.0,4732.0,417,436,19,19,True,436.0,417.0,100.0
0,763641,8,8,0.43,0.05,"7,2",Reativo simples,mapa,5,4577.0,4134.0,443,462,19,19,True,462.0,443.0,100.0
0,763641,8,8,0.43,0.05,"7,2",Reativo simples,mapa,6,4738.0,4347.0,391,410,19,19,True,410.0,391.0,100.0
0,763641,8,8,0.43,0.05,"7,2",Reativo simples,mapa,7,6155.0,5673.0,482,500,18,19,False,,,94.73684210526316
0,763641,8,8,0.43,0.05,"7,2",Reativo simples,mapa,8,4227.0,3917.0,310,329,19,19,True,329.0,310.0,100.0
0,763641,8,8,0.43,0.05,"7,2",Reativo simples,mapa,9,6144.0,5661.0,483,500,17,19,False,,,89.47368421052632
0,763641,8,8,0.43,0.05,"7,2",Baseado em modelo,mapa,0,1201.0,1125.0,76,95,19,19,True,95.0,76.0,100.0
1,559081,8,8,0.3,0.2,"6,4",Reativo simples,mapa,0,3529.0,3103.0,426,440,14,14,True,440.0,426.0,100.0
1,559081,8,8,0.3,0.2,"6,4",Reativo simples,mapa,1,4766.0,4311.0,455,469,14,14,True,469.0,455.0,100.0
1,559081,8,8,0.3,0.2,"6,4",Reativo simples,mapa,2,3386.0,3039.0,347,361,14,14,True,361.0,347.0,100.0
1,559081,8,8,0.3,0.2,"6,4",Reativo simples,mapa,3,2613.0,2299.0,314,328,14,14,True,328.0,314.0,100.0
1,559081,8,8,0.3,0.2,"6,4",Reativo simples,mapa,4,3340.0,2871.0,469,483,14,14,True,483.0,469.0,100.0
1,559081,8,8,0.3,0.2,"6,4",Reativo simples,mapa,5,4584.0,4097.0,487,500,13,14,False,,,92.85714285714286
1,559081,8,8,0.3,0.2,"6,4",Reativo simples,mapa,6,4163.0,3676.0,487,500,13,14,False,,,92.85714285714286
1,559081,8,8,0.3,0.2,"6,4",Reativo simples,mapa,7,2049.0,1838.0,211,225,14,14,True,225.0,211.0,100.0
1,559081,8,8,0.3,0.2,"6,4",Reativo simples,mapa,8,3553.0,3064.0,489,500,11,14,False,,,78.57142857142857
1,559081,8,8,0.3,0.2,"6,4",Reativo simples,mapa,9,3774.0,3285.0,489,500,11,14,False,,,78.57142857142857
1,559081,8,8,0.3,0.2,"6,4",Baseado em modelo,mapa,0,681.0,616.0,65,79,14,14,True,79.0,65.0,100.0
2,436074,8,8,0.41,0.15,"7,5",Reativo simples,mapa,0,3224.0,2900.0,324,341,17,17,True,341.0,324.0,100.0
2,436074,8,8,0.41,0.15,"7,5",Reativo simples,mapa,1,6636.0,6152.0,484,500,16,17,False,,,94.11764705882354
2,436074,8,8,0.41,0.15,"7,5",Reativo simples,mapa,2,6500.0,6016.0,484,500,16,17,False,,,94.11764705882354
2,436074,8,8,0.41,0.15,"7,5",Reativo simples,mapa,3,5703.0,5218.0,485,500,15,17,False,,,88.23529411764706
2,436074,8,8,0.41,0.15,"7,5",Reativo simples,mapa,4,3036.0,2546.0,490,500,10,17,False,,,58.8235294117647
2,436074,8,8,0.41,0.15,"7,5",Reativo simples,mapa,5,3509.0,3206.0,303,320,17,17,True,320.0,303.0,100.0
2,436074,8,8,0.41,0.15,"7,5",Reativo simples,mapa,6,3810.0,3321.0,489,500,11,17,False,,,64.70588235294117
2,436074,8,8,0.41,0.15,"7,5",Reativo simples,mapa,7,5157.0,4673.0,484,500,16,17,False,,,94.11764705882354
2,436074,8,8,0.41,0.15,"7,5",Reativo simples,mapa,8,4221.0,3732.0,489,500,11,17,False,,,64.70588235294117
2,436074,8,8,0.41,0.15,"7,5",Reativo simples,mapa,9,6149.0,5665.0,484,500,16,17,False,,,94.11764705882354
2,436074,8,8,0.41,0.15,"7,5",Baseado em modelo,mapa,0,871.0,808.0,63,80,17,17,True,80.0,63.0,100.0
3,570250,8,8,0.48,0.13,"3,4",Reativo simples,mapa,0,11061.0,10591.0,470,500,30,31,False,,,96.7741935483871
3,570250,8,8,0.48,0.13,"3,4",Reativo simples,mapa,1,9585.0,9112.0,473,500,27,31,False,,,87.09677419354838
3,570250,8,8,0.48,0.13,"3,4",Reativo simples,mapa,2,10492.0,10021.0,471,500,29,31,False,,,93.54838709677419
3,570250,8,8,0.48,0.13,"3,4",Reativo simples,mapa,3,9145.0,8672.0,473,500,27,31,False,,,87.09677419354838
3,570250,8,8,0.48,0.13,"3,4",Reativo simples,mapa,4,6623.0,6307.0,316,347,31,31,True,347.0,316.0,100.0
3,570250,8,8,0.48,0.13,"3,4",Reativo simples,mapa,5,10152.0,9681.0,471,500,29,31,False,,,93.54838709677419
3,570250,8,8,0.48,0.13,"3,4",Reativo simples,mapa,6,10573.0,10102.0,471,500,29,31,False,,,93.54838709677419
3,570250,8,8,0.48,0.13,"3,4",Reativo simples,mapa,7,8490.0,8019.0,471,500,29,31,False,,,93.54838709677419
3,570250,8,8,0.48,0.13,"3,4",Reativo simples,mapa,8,9874.0,9452.0,422,453,31,31,True,453.0,422.0,100.0
3,570250,8,8,0.48,0.13,"3,4",Reativo simples,mapa,9,10327.0,9855.0,472,500,28,31,False,,,90.3225806451613
3,570250,8,8,0.48,0.13,"3,4",Baseado em modelo,mapa,0,1970.0,1896.0,74,105,31,31,True,105.0,74.0,100.0
4,969588,8,8,0.48,0.22,"3,7",Reativo simples,mapa,0,10106.0,9634.0,472,500,28,29,False,,,96.55172413793103
4,969588,8,8,0.48,0.22,"3,7",Reativo simples,mapa,1,9577.0,9104.0,473,500,27,29,False,,,93.10344827586206
4,969588,8,8,0.48,0.22,"3,7",Reativo simples,mapa,2,9065.0,8588.0,477,500,23,29,False,,,79.3103448275862
4,969588,8,8,0.48,0.22,"3,7",Reativo simples,mapa,3,7444.0,6964.0,480,500,20,29,False,,,68.96551724137932
4,969588,8,8,0.48,0.22,"3,7",Reativo simples,mapa,4,8429.0,7955.0,474,500,26,29,False,,,89.65517241379311
4,969588,8,8,0.48,0.22,"3,7",Reativo simples,mapa,5,8308.0,7829.0,479,500,21,29,False,,,72.41379310344827
4,969588,8,8,0.48,0.22,"3,7",Reativo simples,mapa,6,8088.0,7613.0,475,500,25,29,False,,,86.20689655172414
4,969588,8,8,0.48,0.22,"3,7",Reativo simples,mapa,7,7749.0,7274.0,475,500,25,29,False,,,86.20689655172414
4,969588,8,8,0.48,0.22,"3,7",Reativo simples,mapa,8,9817.0,9345.0,472,500,28,29,False,,,96.55172413793103
4,969588,8,8,0.48,0.22,"3,7",Reativo simples,mapa,9,10115.0,9640.0,475,500,25,29,False,,,86.20689655172414
4,969588,8,8,0.48,0.22,"3,7",Baseado em modelo,mapa,0,1443.0,1379.0,64,93,29,29,True,93.0,64.0,100.0
5,909599,8,8,0.36,0.01,"2,3",Reativo simples,mapa,0,3090.0,2860.0,230,257,27,27,True,257.0,230.0,100.0
5,909599,8,8,0.36,0.01,"2,3",Reativo simples,mapa,1,10463.0,9989.0,474,500,26,27,False,,,96.29629629629629
5,909599,8,8,0.36,0.01,"2,3",Reativo simples,mapa,2,9509.0,9034.0,475,500,25,27,False,,,92.5925925925926
5,909599,8,8,0.36,0.01,"2,3",Reativo simples,mapa,3,6411.0,6052.0,359,386,27,27,True,386.0,359.0,100.0
5,909599,8,8,0.36,0.01,"2,3",Reativo simples,mapa,4,8318.0,7838.0,480,500,20,27,False,,,74.07407407407408
5,909599,8,8,0.36,0.01,"2,3",Reativo simples,mapa,5,8840.0,8363.0,477,500,23,27,False,,,85.18518518518519
5,909599,8,8,0.36,0.01,"2,3",Reativo simples,mapa,6,9862.0,9387.0,475,500,25,27,False,,,92.5925925925926
5,909599,8,8,0.36,0.01,"2,3",Reativo simples,mapa,7,8271.0,7797.0,474,500,26,27,False,,,96.29629629629629
5,909599,8,8,0.36,0.01,"2,3",Reativo simples,mapa,8,9122.0,8678.0,444,471,27,27,True,471.0,444.0,100.0
5,909599,8,8,0.36,0.01,"2,3",Reativo simples,mapa,9,10015.0,9539.0,476,500,24,27,False,,,88.88888888888889
5,909599,8,8,0.36,0.01,"2,3",Baseado em modelo,mapa,0,1114.0,1064.0,50,77,27,27,True,77.0,50.0,100.0
6,488513,8,8,0.25,0.19,"5,6",Reativo simples,mapa,0,3852.0,3454.0,398,413,15,15,True,413.0,398.0,100.0
6,488513,8,8,0.25,0.19,"5,6",Reativo simples,mapa,1,3402.0,2998.0,404,419,15,15,True,419.0,404.0,100.0
6,488513,8,8,0.25,0.19,"5,6",Reativo simples,mapa,2,5570.0,5085.0,485,500,15,15,True,500.0,485.0,100.0
6,488513,8,8,0.25,0.19,"5,6",Reativo simples,mapa,3,4347.0,3860.0,487,500,13,15,False,,,86.66666666666667
6,488513,8,8,0.25,0.19,"5,6",Reativo simples,mapa,4,4356.0,3939.0,417,432,15,15,True,432.0,417.0,100.0
6,488513,8,8,0.25,0.19,"5,6",Reativo simples,mapa,5,4907.0,4446.0,461,476,15,15,True,476.0,461.0,100.0
6,488513,8,8,0.25,0.19,"5,6",Reativo simples,mapa,6,4753.0,4266.0,487,500,13,15,False,,,86.66666666666667
6,488513,8,8,0.25,0.19,"5,6",Reativo simples,mapa,7,6069.0,5583.0,486,500,14,15,False,,,93.33333333333333
6,488513,8,8,0.25,0.19,"5,6",Reativo simples,mapa,8,5267.0,4780.0,487,500,13,15,False,,,86.66666666666667
6,488513,8,8,0.25,0.19,"5,6",Reativo simples,mapa,9,3238.0,2839.0,399,414,15,15,True,414.0,399.0,100.0
6,488513,8,8,0.25,0.19,"5,6",Baseado em modelo,mapa,0,813.0,739.0,74,89,15,15,True,89.0,74.0,100.0
7,346897,8,8,0.34,0.05,"5,6",Reativo simples,mapa,0,7699.0,7223.0,476,500,24,25,False,,,96.0
7,346897,8,8,0.34,0.05,"5,6",Reativo simples,mapa,1,9049.0,8572.0,477,500,23,25,False,,,92.0
7,346897,8,8,0.34,0.05,"5,6",Reativo simples,mapa,2,6269.0,5954.0,315,340,25,25,True,340.0,315.0,100.0
7,346897,8,8,0.34,0.05,"5,6",Reativo simples,mapa,3,7669.0,7257.0,412,437,25,25,True,437.0,412.0,100.0
7,346897,8,8,0.34,0.05,"5,6",Reativo simples,mapa,4,4595.0,4345.0,250,275,25,25,True,275.0,250.0,100.0
7,346897,8,8,0.34,0.05,"5,6",Reativo simples,mapa,5,3541.0,3337.0,204,229,25,25,True,229.0,204.0,100.0
7,346897,8,8,0.34,0.05,"5,6",Reativo simples,mapa,6,7789.0,7311.0,478,500,22,25,False,,,88.0
7,346897,8,8,0.34,0.05,"5,6",Reativo simples,mapa,7,7698.0,7221.0,477,500,23,25,False,,,92.0
7,346897,8,8,0.34,0.05,"5,6",Reativo simples,mapa,8,7055.0,6618.0,437,462,25,25,True,462.0,437.0,100.0
7,346897,8,8,0.34,0.05,"5,6",Reativo simples,mapa,9,7571.0,7092.0,479,500,21,25,False,,,84.0
7,346897,8,8,0.34,0.05,"5,6",Baseado em modelo,mapa,0,1342.0,1276.0,66,91,25,25,True,91.0,66.0,100.0
8,331827,8,8,0.43,0.23,"6,6",Reativo simples,mapa,0,8385.0,7906.0,479,500,21,24,False,,,87.5
8,331827,8,8,0.43,0.23,"6,6",Reativo simples,mapa,1,8210.0,7733.0,477,500,23,24,False,,,95.83333333333333
8,331827,8,8,0.43,0.23,"6,6",Reativo simples,mapa,2,8409.0,7931.0,478,500,22,24,False,,,91.66666666666667
8,331827,8,8,0.43,0.23,"6,6",Reativo simples,mapa,3,8370.0,7891.0,479,500,21,24,False,,,87.5
8,331827,8,8,0.43,0.23,"6,6",Reativo simples,mapa,4,3411.0,3136.0,275,299,24,24,True,299.0,275.0,100.0
8,331827,8,8,0.43,0.23,"6,6",Reativo simples,mapa,5,7883.0,7406.0,477,500,23,24,False,,,95.83333333333333
8,331827,8,8,0.43,0.23,"6,6",Reativo simples,mapa,6,7147.0,6668.0,479,500,21,24,False,,,87.5
8,331827,8,8,0.43,0.23,"6,6",Reativo simples,mapa,7,5959.0,5482.0,477,500,23,24,False,,,95.83333333333333
8,331827,8,8,0.43,0.23,"6,6",Reativo simples,mapa,8,8681.0,8204.0,477,500,23,24,False,,,95.83333333333333
8,331827,8,8,0.43,0.23,"6,6",Reativo simples,mapa,9,8856.0,8379.0,477,500,23,24,False,,,95.83333333333333
8,331827,8,8,0.43,0.23,"6,6",Baseado em modelo,mapa,0,1447.0,1375.0,72,96,24,24,True,96.0,72.0,100.0
9,214425,8,8,0.22,0.06,"6,3",Reativo simples,mapa,0,1513.0,1018.0,495,500,5,7,False,,,71.42857142857143
9,214425,8,8,0.22,0.06,"6,3",Reativo simples,mapa,1,898.0,404.0,494,500,6,7,False,,,85.71428571428571
9,214425,8,8,0.22,0.06,"6,3",Reativo simples,mapa,2,2108.0,1679.0,429,436,7,7,True,436.0,429.0,100.0
9,214425,8,8,0.22,0.06,"6,3",Reativo simples,mapa,3,2122.0,1627.0,495,500,5,7,False,,,71.42857142857143
9,214425,8,8,0.22,0.06,"6,3",Reativo simples,mapa,4,1793.0,1299.0,494,500,6,7,False,,,85.71428571428571
9,214425,8,8,0.22,0.06,"6,3",Reativo simples,mapa,5,1771.0,1275.0,496,500,4,7,False,,,57.142857142857146
9,214425,8,8,0.22,0.06,"6,3",Reativo simples,mapa,6,2357.0,1863.0,494,500,6,7,False,,,85.71428571428571
9,214425,8,8,0.22,0.06,"6,3",Reativo simples,mapa,7,2008.0,1514.0,494,500,6,7,False,,,85.71428571428571
9,214425,8,8,0.22,0.06,"6,3",Reativo simples,mapa,8,2282.0,1788.0,494,500,6,7,False,,,85.71428571428571
9,214425,8,8,0.22,0.06,"6,3",Reativo simples,mapa,9,1857.0,1422.0,435,442,7,7,True,442.0,435.0,100.0
9,214425,8,8,0.22,0.06,"6,3",Baseado em modelo,mapa,0,122.0,65.0,57,64,7,7,True,64.0,57.0,100.0
10,884955,8,8,0.4,0.19,"0,4",Reativo simples,mapa,0,5162.0,4676.0,486,500,14,20,False,,,70.0
10,884955,8,8,0.4,0.19,"0,4",Reativo simples,mapa,1,7061.0,6578.0,483,500,17,20,False,,,85.0
10,884955,8,8,0.4,0.19,"0,4",Reativo simples,mapa,2,6279.0,5794.0,485,500,15,20,False,,,75.0
10,884955,8,8,0.4,0.19,"0,4",Reativo simples,mapa,3,4702.0,4217.0,485,500,15,20,False,,,75.0
10,884955,8,8,0.4,0.19,"0,4",Reativo simples,mapa,4,7269.0,6788.0,481,500,19,20,False,,,95.0
10,884955,8,8,0.4,0.19,"0,4",Reativo simples,mapa,5,7359.0,6878.0,481,500,19,20,False,,,95.0
10,884955,8,8,0.4,0.19,"0,4",Reativo simples,mapa,6,4979.0,4492.0,487,500,13,20,False,,,65.0
10,884955,8,8,0.4,0.19,"0,4",Reativo simples,mapa,7,5597.0,5112.0,485,500,15,20,False,,,75.0
10,884955,8,8,0.4,0.19,"0,4",Reativo simples,mapa,8,6000.0,5516.0,484,500,16,20,False,,,80.0
10,884955,8,8,0.4,0.19,"0,4",Reativo simples,mapa,9,5806.0,5322.0,484,500,16,20,False,,,80.0
10,884955,8,8,0.4,0.19,"0,4",Baseado em modelo,mapa,0,733.0,687.0,46,66,20,20,True,66.0,46.0,100.0
11,347213,8,8,0.54,0.15,"6,1",Reativo simples,mapa,0,10005.0,9533.0,472,500,28,29,False,,,96.55172413793103
11,347213,8,8,0.54,0.15,"6,1",Reativo simples,mapa,1,8296.0,7824.0,472,500,28,29,False,,,96.55172413793103
11,347213,8,8,0.54,0.15,"6,1",Reativo simples,mapa,2,10610.0,10138.0,472,500,28,29,False,,,96.55172413793103
11,347213,8,8,0.54,0.15,"6,1",Reativo simples,mapa,3,7547.0,7071.0,476,500,24,29,False,,,82.75862068965517
11,347213,8,8,0.54,0.15,"6,1",Reativo simples,mapa,4,9963.0,9490.0,473,500,27,29,False,,,93.10344827586206
11,347213,8,8,0.54,0.15,"6,1",Reativo simples,mapa,5,10764.0,10291.0,473,500,27,29,False,,,93.10344827586206
11,347213,8,8,0.54,0.15,"6,1",Reativo simples,mapa,6,8743.0,8265.0,478,500,22,29,False,,,75.86206896551724
11,347213,8,8,0.54,0.15,"6,1",Reativo simples,mapa,7,8708.0,8236.0,472,500,28,29,False,,,96.55172413793103
11,347213,8,8,0.54,0.15,"6,1",Reativo simples,mapa,8,9692.0,9220.0,472,500,28,29,False,,,96.55172413793103
11,347213,8,8,0.54,0.15,"6,1",Reativo simples,mapa,9,9451.0,8978.0,473,500,27,29,False,,,93.10344827586206
11,347213,8,8,0.54,0.15,"6,1",Baseado em modelo,mapa,0,1875.0,1801.0,74,103,29,29,True,103.0,74.0,100.0
12,486817,8,8,0.35,0.05,"3,3",Reativo simples,mapa,0,4241.0,3833.0,408,423,15,15,True,423.0,408.0,100.0
12,486817,8,8,0.35,0.05,"3,3",Reativo simples,mapa,1,4169.0,3733.0,436,451,15,15,True,451.0,436.0,100.0
12,486817,8,8,0.35,0.05,"3,3",Reativo simples,mapa,2,5278.0,4792.0,486,500,14,15,False,,,93.33333333333333
12,486817,8,8,0.35,0.05,"3,3",Reativo simples,mapa,3,3404.0,2994.0,410,425,15,15,True,425.0,410.0,100.0
12,486817,8,8,0.35,0.05,"3,3",Reativo simples,mapa,4,4191.0,3826.0,365,380,15,15,True,380.0,365.0,100.0
12,486817,8,8,0.35,0.05,"3,3",Reativo simples,mapa,5,3042.0,2630.0,412,427,15,15,True,427.0,412.0,100.0
12,486817,8,8,0.35,0.05,"3,3",Reativo simples,mapa,6,2657.0,2329.0,328,343,15,15,True,343.0,328.0,100.0
12,486817,8,8,0.35,0.05,"3,3",Reativo simples,mapa,7,5509.0,5022.0,487,500,13,15,False,,,86.66666666666667
12,486817,8,8,0.35,0.05,"3,3",Reativo simples,mapa,8,4184.0,3786.0,398,413,15,15,True,413.0,398.0,100.0
12,486817,8,8,0.35,0.05,"3,3",Reativo simples,mapa,9,4491.0,4003.0,488,500,12,15,False,,,80.0
12,486817,8,8,0.35,0.05,"3,3",Baseado em modelo,mapa,0,583.0,528.0,55,70,15,15,True,70.0,55.0,100.0
13,274657,8,8,0.35,0.08,"7,2",Reativo simples,mapa,0,6154.0,5670.0,484,500,16,19,False,,,84.21052631578948
13,274657,8,8,0.35,0.08,"7,2",Reativo simples,mapa,1,6240.0,5757.0,483,500,17,19,False,,,89.47368421052632
13,274657,8,8,0.35,0.08,"7,2",Reativo simples,mapa,2,5517.0,5035.0,482,500,18,19,False,,,94.73684210526316
13,274657,8,8,0.35,0.08,"7,2",Reativo simples,mapa,3,4837.0,4351.0,486,500,14,19,False,,,73.6842105263158
13,274657,8,8,0.35,0.08,"7,2",Reativo simples,mapa,4,6227.0,5744.0,483,500,17,19,False,,,89.47368421052632
13,274657,8,8,0.35,0.08,"7,2",Reativo simples,mapa,5,3288.0,3006.0,282,301,19,19,True,301.0,282.0,100.0
13,274657,8,8,0.35,0.08,"7,2",Reativo simples,mapa,6,6150.0,5668.0,482,500,18,19,False,,,94.73684210526316
13,274657,8,8,0.35,0.08,"7,2",Reativo simples,mapa,7,5119.0,4636.0,483,500,17,19,False,,,89.47368421052632
13,274657,8,8,0.35,0.08,"7,2",Reativo simples,mapa,8,6558.0,6092.0,466,485,19,19,True,485.0,466.0,100.0
13,274657,8,8,0.35,0.08,"7,2",Reativo simples,mapa,9,4545.0,4060.0,485,500,15,19,False,,,78.94736842105263
13,274657,8,8,0.35,0.08,"7,2",Baseado em modelo,mapa,0,915.0,852.0,63,82,19,19,True,82.0,63.0,100.0
14,717304,8,8,0.48,0.22,"7,2",Reativo simples,mapa,0,8875.0,8400.0,475,500,25,26,False,,,96.15384615384616
14,717304,8,8,0.48,0.22,"7,2",Reativo simples,mapa,1,4694.0,4205.0,489,500,11,26,False,,,42.30769230769231
14,717304,8,8,0.48,0.22,"7,2",Reativo simples,mapa,2,6484.0,6005.0,479,500,21,26,False,,,80.76923076923077
14,717304,8,8,0.48,0.22,"7,2",Reativo simples,mapa,3,7469.0,6993.0,476,500,24,26,False,,,92.3076923076923
14,717304,8,8,0.48,0.22,"7,2",Reativo simples,mapa,4,5252.0,4771.0,481,500,19,26,False,,,73.07692307692308
14,717304,8,8,0.48,0.22,"7,2",Reativo simples,mapa,5,7460.0,6980.0,480,500,20,26,False,,,76.92307692307692
14,717304,8,8,0.48,0.22,"7,2",Reativo simples,mapa,6,6534.0,6051.0,483,500,17,26,False,,,65.38461538461539
14,717304,8,8,0.48,0.22,"7,2",Reativo simples,mapa,7,8316.0,7838.0,478,500,22,26,False,,,84.61538461538461
14,717304,8,8,0.48,0.22,"7,2",Reativo simples,mapa,8,5876.0,5395.0,481,500,19,26,False,,,73.07692307692308
14,717304,8,8,0.48,0.22,"7,2",Reativo simples,mapa,9,7713.0,7237.0,476,500,24,26,False,,,92.3076923076923
14,717304,8,8,0.48,0.22,"7,2",Baseado em modelo,mapa,0,1247.0,1186.0,61,87,26,26,True,87.0,61.0,100.0
15,609245,8,8,0.47,0.02,"5,3",Reativo simples,mapa,0,10148.0,9678.0,470,500,30,31,False,,,96.7741935483871
15,609245,8,8,0.47,0.02,"5,3",Reativo simples,mapa,1,8748.0,8382.0,366,397,31,31,True,397.0,366.0,100.0
15,609245,8,8,0.47,0.02,"5,3",Reativo simples,mapa,2,11571.0,11099.0,472,500,28,31,False,,,90.3225806451613
15,609245,8,8,0.47,0.02,"5,3",Reativo simples,mapa,3,10329.0,9858.0,471,500,29,31,False,,,93.54838709677419
15,609245,8,8,0.47,0.02,"5,3",Reativo simples,mapa,4,10660.0,10188.0,472,500,28,31,False,,,90.3225806451613
15,609245,8,8,0.47,0.02,"5,3",Reativo simples,mapa,5,11272.0,10801.0,471,500,29,31,False,,,93.54838709677419
15,609245,8,8,0.47,0.02,"5,3",Reativo simples,mapa,6,10819.0,10348.0,471,500,29,31,False,,,93.54838709677419
15,609245,8,8,0.47,0.02,"5,3",Reativo simples,mapa,7,10942.0,10472.0,470,500,30,31,False,,,96.7741935483871
15,609245,8,8,0.47,0.02,"5,3",Reativo simples,mapa,8,10784.0,10313.0,471,500,29,31,False,,,93.54838709677419
15,609245,8,8,0.47,0.02,"5,3",Reativo simples,mapa,9,10502.0,10031.0,471,500,29,31,False,,,93.54838709677419
15,609245,8,8,0.47,0.02,"5,3",Baseado em modelo,mapa,0,2012.0,1939.0,73,104,31,31,True,104.0,73.0,100.0
16,943582,8,8,0.26,0.18,"2,0",Reativo simples,mapa,0,3806.0,3335.0,471,484,13,13,True,484.0,471.0,100.0
16,943582,8,8,0.26,0.18,"2,0",Reativo simples,mapa,1,2971.0,2483.0,488,500,12,13,False,,,92.3076923076923
16,943582,8,8,0.26,0.18,"2,0",Reativo simples,mapa,2,3888.0,3397.0,491,500,9,13,False,,,69.23076923076923
16,943582,8,8,0.26,0.18,"2,0",Reativo simples,mapa,3,3753.0,3265.0,488,500,12,13,False,,,92.3076923076923
16,943582,8,8,0.26,0.18,"2,0",Reativo simples,mapa,4,3062.0,2572.0,490,500,10,13,False,,,76.92307692307692
16,943582,8,8,0.26,0.18,"2,0",Reativo simples,mapa,5,2537.0,2238.0,299,312,13,13,True,312.0,299.0,100.0
16,943582,8,8,0.26,0.18,"2,0",Reativo simples,mapa,6,4692.0,4204.0,488,500,12,13,False,,,92.3076923076923
16,943582,8,8,0.26,0.18,"2,0",Reativo simples,mapa,7,3757.0,3267.0,490,500,10,13,False,,,76.92307692307692
16,943582,8,8,0.26,0.18,"2,0",Reativo simples,mapa,8,3678.0,3190.0,488,500,12,13,False,,,92.3076923076923
16,943582,8,8,0.26,0.18,"2,0",Reativo simples,mapa,9,3741.0,3253.0,488,500,12,13,False,,,92.3076923076923
16,943582,8,8,0.26,0.18,"2,0",Baseado em modelo,mapa,0,494.0,440.0,54,67,13,13,True,67.0,54.0,100.0
17,85395,8,8,0.28,0.07,"5,3",Reativo simples,mapa,0,6551.0,6066.0,485,500,15,16,False,,,93.75
17,85395,8,8,0.28,0.07,"5,3",Reativo simples,mapa,1,4910.0,4422.0,488,500,12,16,False,,,75.0
17,85395,8,8,0.28,0.07,"5,3",Reativo simples,mapa,2,5315.0,4828.0,487,500,13,16,False,,,81.25
17,85395,8,8,0.28,0.07,"5,3",Reativo simples,mapa,3,2680.0,2377.0,303,319,16,16,True,319.0,303.0,100.0
17,85395,8,8,0.28,0.07,"5,3",Reativo simples,mapa,4,1893.0,1705.0,188,204,16,16,True,204.0,188.0,100.0
17,85395,8,8,0.28,0.07,"5,3",Reativo simples,mapa,5,3001.0,2747.0,254,270,16,16,True,270.0,254.0,100.0
17,85395,8,8,0.28,0.07,"5,3",Reativo simples,mapa,6,4661.0,4209.0,452,468,16,16,True,468.0,452.0,100.0
17,85395,8,8,0.28,0.07,"5,3",Reativo simples,mapa,7,5871.0,5384.0,487,500,13,16,False,,,81.25
17,85395,8,8,0.28,0.07,"5,3",Reativo simples,mapa,8,2047.0,1795.0,252,268,16,16,True,268.0,252.0,100.0
17,85395,8,8,0.28,0.07,"5,3",Reativo simples,mapa,9,1643.0,1491.0,152,168,16,16,True,168.0,152.0,100.0
17,85395,8,8,0.28,0.07,"5,3",Baseado em modelo,mapa,0,634.0,585.0,49,65,16,16,True,65.0,49.0,100.0
18,505462,8,8,0.41,0.11,"7,4",Reativo simples,mapa,0,9819.0,9344.0,475,500,25,28,False,,,89.28571428571429
18,505462,8,8,0.41,0.11,"7,4",Reativo simples,mapa,1,8881.0,8407.0,474,500,26,28,False,,,92.85714285714286
18,505462,8,8,0.41,0.11,"7,4",Reativo simples,mapa,2,7302.0,6828.0,474,500,26,28,False,,,92.85714285714286
18,505462,8,8,0.41,0.11,"7,4",Reativo simples,mapa,3,8703.0,8228.0,475,500,25,28,False,,,89.28571428571429
18,505462,8,8,0.41,0.11,"7,4",Reativo simples,mapa,4,6864.0,6435.0,429,457,28,28,True,457.0,429.0,100.0
18,505462,8,8,0.41,0.11,"7,4",Reativo simples,mapa,5,9987.0,9514.0,473,500,27,28,False,,,96.42857142857143
18,505462,8,8,0.41,0.11,"7,4",Reativo simples,mapa,6,9128.0,8652.0,476,500,24,28,False,,,85.71428571428571
18,505462,8,8,0.41,0.11,"7,4",Reativo simples,mapa,7,7177.0,6694.0,483,500,17,28,False,,,60.714285714285715
18,505462,8,8,0.41,0.11,"7,4",Reativo simples,mapa,8,10108.0,9634.0,474,500,26,28,False,,,92.85714285714286
18,505462,8,8,0.41,0.11,"7,4",Reativo simples,mapa,9,9825.0,9349.0,476,500,24,28,False,,,85.71428571428571
18,505462,8,8,0.41,0.11,"7,4",Baseado em modelo,mapa,0,1595.0,1528.0,67,95,28,28,True,95.0,67.0,100.0
19,883666,8,8,0.23,0.08,"6,3",Reativo simples,mapa,0,3304.0,2816.0,488,500,12,15,False,,,80.0
19,883666,8,8,0.23,0.08,"6,3",Reativo simples,mapa,1,3421.0,3107.0,314,329,15,15,True,329.0,314.0,100.0
19,883666,8,8,0.23,0.08,"6,3",Reativo simples,mapa,2,4875.0,4389.0,486,500,14,15,False,,,93.33333333333333
19,883666,8,8,0.23,0.08,"6,3",Reativo simples,mapa,3,3211.0,2905.0,306,321,15,15,True,321.0,306.0,100.0
19,883666,8,8,0.23,0.08,"6,3",Reativo simples,mapa,4,4835.0,4347.0,488,500,12,15,False,,,80.0
19,883666,8,8,0.23,0.08,"6,3",Reativo simples,mapa,5,4240.0,3751.0,489,500,11,15,False,,,73.33333333333333
19,883666,8,8,0.23,0.08,"6,3",Reativo simples,mapa,6,6142.0,5656.0,486,500,14,15,False,,,93.33333333333333
19,883666,8,8,0.23,0.08,"6,3",Reativo simples,mapa,7,5263.0,4776.0,487,500,13,15,False,,,86.66666666666667
19,883666,8,8,0.23,0.08,"6,3",Reativo simples,mapa,8,4728.0,4240.0,488,500,12,15,False,,,80.0
19,883666,8,8,0.23,0.08,"6,3",Reativo simples,mapa,9,5230.0,4744.0,486,500,14,15,False,,,93.33333333333333
19,883666,8,8,0.23,0.08,"6,3",Baseado em modelo,mapa,0,767.0,700.0,67,82,15,15,True,82.0,67.0,100.0
20,552929,8,8,0.24,0.05,"2,4",Reativo simples,mapa,0,7912.0,7437.0,475,496,21,21,True,496.0,475.0,100.0
20,552929,8,8,0.24,0.05,"2,4",Reativo simples,mapa,1,7490.0,7010.0,480,500,20,21,False,,,95.23809523809524
20,552929,8,8,0.24,0.05,"2,4",Reativo simples,mapa,2,7837.0,7357.0,480,500,20,21,False,,,95.23809523809524
20,552929,8,8,0.24,0.05,"2,4",Reativo simples,mapa,3,7373.0,6893.0,480,500,20,21,False,,,95.23809523809524
20,552929,8,8,0.24,0.05,"2,4",Reativo simples,mapa,4,7854.0,7410.0,444,465,21,21,True,465.0,444.0,100.0
20,552929,8,8,0.24,0.05,"2,4",Reativo simples,mapa,5,3889.0,3620.0,269,290,21,21,True,290.0,269.0,100.0
20,552929,8,8,0.24,0.05,"2,4",Reativo simples,mapa,6,4666.0,4341.0,325,346,21,21,True,346.0,325.0,100.0
20,552929,8,8,0.24,0.05,"2,4",Reativo simples,mapa,7,7396.0,6916.0,480,500,20,21,False,,,95.23809523809524
20,552929,8,8,0.24,0.05,"2,4",Reativo simples,mapa,8,3934.0,3657.0,277,298,21,21,True,298.0,277.0,100.0
20,552929,8,8,0.24,0.05,"2,4",Reativo simples,mapa,9,3584.0,3350.0,234,255,21,21,True,255.0,234.0,100.0
20,552929,8,8,0.24,0.05,"2,4",Baseado em modelo,mapa,0,1006.0,947.0,59,80,21,21,True,80.0,59.0,100.0
21,184674,8,8,0.41,0.06,"3,6",Reativo simples,mapa,0,11209.0,10740.0,469,500,31,32,False,,,96.875
21,184674,8,8,0.41,0.06,"3,6",Reativo simples,mapa,1,12369.0,11900.0,469,500,31,32,False,,,96.875
21,184674,8,8,0.41,0.06,"3,6",Reativo simples,mapa,2,11140.0,10669.0,471,500,29,32,False,,,90.625
21,184674,8,8,0.41,0.06,"3,6",Reativo simples,mapa,3,11535.0,11064.0,471,500,29,32,False,,,90.625
21,184674,8,8,0.41,0.06,"3,6",Reativo simples,mapa,4,10795.0,10324.0,471,500,29,32,False,,,90.625
21,184674,8,8,0.41,0.06,"3,6",Reativo simples,mapa,5,8736.0,8371.0,365,397,32,32,True,397.0,365.0,100.0
21,184674,8,8,0.41,0.06,"3,6",Reativo simples,mapa,6,8429.0,7950.0,479,500,21,32,False,,,65.625
21,184674,8,8,0.41,0.06,"3,6",Reativo simples,mapa,7,11008.0,10537.0,471,500,29,32,False,,,90.625
21,184674,8,8,0.41,0.06,"3,6",Reativo simples,mapa,8,11110.0,10641.0,469,500,31,32,False,,,96.875
21,184674,8,8,0.41,0.06,"3,6",Reativo simples,mapa,9,7908.0,7436.0,472,500,28,32,False,,,87.5
21,184674,8,8,0.41,0.06,"3,6",Baseado em modelo,mapa,0,2252.0,2169.0,83,115,32,32,True,115.0,83.0,100.0
22,606978,8,8,0.56,0.17,"5,0",Reativo simples,mapa,0,9486.0,9013.0,473,500,27,32,False,,,84.375
22,606978,8,8,0.56,0.17,"5,0",Reativo simples,mapa,1,10275.0,9805.0,470,500,30,32,False,,,93.75
22,606978,8,8,0.56,0.17,"5,0",Reativo simples,mapa,2,6485.0,6001.0,484,500,16,32,False,,,50.0
22,606978,8,8,0.56,0.17,"5,0",Reativo simples,mapa,3,8655.0,8176.0,479,500,21,32,False,,,65.625
22,606978,8,8,0.56,0.17,"5,0",Reativo simples,mapa,4,5604.0,5119.0,485,500,15,32,False,,,46.875
22,606978,8,8,0.56,0.17,"5,0",Reativo simples,mapa,5,10942.0,10468.0,474,500,26,32,False,,,81.25
22,606978,8,8,0.56,0.17,"5,0",Reativo simples,mapa,6,9651.0,9181.0,470,500,30,32,False,,,93.75
22,606978,8,8,0.56,0.17,"5,0",Reativo simples,mapa,7,10160.0,9687.0,473,500,27,32,False,,,84.375
22,606978,8,8,0.56,0.17,"5,0",Reativo simples,mapa,8,7598.0,7123.0,475,500,25,32,False,,,78.125
22,606978,8,8,0.56,0.17,"5,0",Reativo simples,mapa,9,10296.0,9821.0,475,500,25,32,False,,,78.125
22,606978,8,8,0.56,0.17,"5,0",Baseado em modelo,mapa,0,2646.0,2552.0,94,126,32,32,True,126.0,94.0,100.0
23,124310,8,8,0.29,0.13,"6,1",Reativo simples,mapa,0,4132.0,3643.0,489,500,11,15,False,,,73.33333333333333
23,124310,8,8,0.29,0.13,"6,1",Reativo simples,mapa,1,5182.0,4696.0,486,500,14,15,False,,,93.33333333333333
23,124310,8,8,0.29,0.13,"6,1",Reativo simples,mapa,2,4890.0,4403.0,487,500,13,15,False,,,86.66666666666667
23,124310,8,8,0.29,0.13,"6,1",Reativo simples,mapa,3,4819.0,4332.0,487,500,13,15,False,,,86.66666666666667
23,124310,8,8,0.29,0.13,"6,1",Reativo simples,mapa,4,3723.0,3237.0,486,500,14,15,False,,,93.33333333333333
23,124310,8,8,0.29,0.13,"6,1",Reativo simples,mapa,5,5110.0,4651.0,459,474,15,15,True,474.0,459.0,100.0
23,124310,8,8,0.29,0.13,"6,1",Reativo simples,mapa,6,4137.0,3650.0,487,500,13,15,False,,,86.66666666666667
23,124310,8,8,0.29,0.13,"6,1",Reativo simples,mapa,7,3456.0,2966.0,490,500,10,15,False,,,66.66666666666667
23,124310,8,8,0.29,0.13,"6,1",Reativo simples,mapa,8,4838.0,4349.0,489,500,11,15,False,,,73.33333333333333
23,124310,8,8,0.29,0.13,"6,1",Reativo simples,mapa,9,5393.0,4907.0,486,500,14,15,False,,,93.33333333333333
23,124310,8,8,0.29,0.13,"6,1",Baseado em modelo,mapa,0,517.0,467.0,50,65,15,15,True,65.0,50.0,100.0
24,992425,8,8,0.4,0.06,"3,1",Reativo simples,mapa,0,8034.0,7557.0,477,500,23,24,False,,,95.83333333333333
24,992425,8,8,0.4,0.06,"3,1",Reativo simples,mapa,1,6830.0,6347.0,483,500,17,24,False,,,70.83333333333333
24,992425,8,8,0.4,0.06,"3,1",Reativo simples,mapa,2,6492.0,6012.0,480,500,20,24,False,,,83.33333333333333
24,992425,8,8,0.4,0.06,"3,1",Reativo simples,mapa,3,8679.0,8201.0,478,500,22,24,False,,,91.66666666666667
24,992425,8,8,0.4,0.06,"3,1",Reativo simples,mapa,4,8735.0,8258.0,477,500,23,24,False,,,95.83333333333333
24,992425,8,8,0.4,0.06,"3,1",Reativo simples,mapa,5,2780.0,2599.0,181,205,24,24,True,205.0,181.0,100.0
24,992425,8,8,0.4,0.06,"3,1",Reativo simples,mapa,6,6389.0,5907.0,482,500,18,24,False,,,75.0
24,992425,8,8,0.4,0.06,"3,1",Reativo simples,mapa,7,6590.0,6109.0,481,500,19,24,False,,,79.16666666666667
24,992425,8,8,0.4,0.06,"3,1",Reativo simples,mapa,8,8265.0,7786.0,479,500,21,24,False,,,87.5
24,992425,8,8,0.4,0.06,"3,1",Reativo simples,mapa,9,7735.0,7257.0,478,500,22,24,False,,,91.66666666666667
24,992425,8,8,0.4,0.06,"3,1",Baseado em modelo,mapa,0,1150.0,1090.0,60,84,24,24,True,84.0,60.0,100.0
25,91005,8,8,0.25,0.03,"2,2",Reativo simples,mapa,0,4513.0,4169.0,344,362,18,18,True,362.0,344.0,100.0
25,91005,8,8,0.25,0.03,"2,2",Reativo simples,mapa,1,6265.0,5780.0,485,500,15,18,False,,,83.33333333333333
25,91005,8,8,0.25,0.03,"2,2",Reativo simples,mapa,2,2238.0,2017.0,221,239,18,18,True,239.0,221.0,100.0
25,91005,8,8,0.25,0.03,"2,2",Reativo simples,mapa,3,5441.0,5037.0,404,422,18,18,True,422.0,404.0,100.0
25,91005,8,8,0.25,0.03,"2,2",Reativo simples,mapa,4,5960.0,5476.0,484,500,16,18,False,,,88.88888888888889
25,91005,8,8,0.25,0.03,"2,2",Reativo simples,mapa,5,6457.0,5973.0,484,500,16,18,False,,,88.88888888888889
25,91005,8,8,0.25,0.03,"2,2",Reativo simples,mapa,6,4111.0,3763.0,348,366,18,18,True,366.0,348.0,100.0
25,91005,8,8,0.25,0.03,"2,2",Reativo simples,mapa,7,6532.0,6049.0,483,500,17,18,False,,,94.44444444444444
25,91005,8,8,0.25,0.03,"2,2",Reativo simples,mapa,8,4425.0,3939.0,486,500,14,18,False,,,77.77777777777777
25,91005,8,8,0.25,0.03,"2,2",Reativo simples,mapa,9,6862.0,6379.0,483,500,17,18,False,,,94.44444444444444
25,91005,8,8,0.25,0.03,"2,2",Baseado em modelo,mapa,0,929.0,860.0,69,87,18,18,True,87.0,69.0,100.0
26,587238,8,8,0.27,0.17,"0,1",Reativo simples,mapa,0,4047.0,3558.0,489,500,11,16,False,,,68.75
26,587238,8,8,0.27,0.17,"0,1",Reativo simples,mapa,1,4223.0,3735.0,488,500,12,16,False,,,75.0
26,587238,8,8,0.27,0.17,"0,1",Reativo simples,mapa,2,3581.0,3203.0,378,394,16,16,True,394.0,378.0,100.0
26,587238,8,8,0.27,0.17,"0,1",Reativo simples,mapa,3,4453.0,3966.0,487,500,13,16,False,,,81.25
26,587238,8,8,0.27,0.17,"0,1",Reativo simples,mapa,4,5387.0,4902.0,485,500,15,16,False,,,93.75
26,587238,8,8,0.27,0.17,"0,1",Reativo simples,mapa,5,3553.0,3064.0,489,500,11,16,False,,,68.75
26,587238,8,8,0.27,0.17,"0,1",Reativo simples,mapa,6,2699.0,2423.0,276,292,16,16,True,292.0,276.0,100.0
26,587238,8,8,0.27,0.17,"0,1",Reativo simples,mapa,7,5129.0,4642.0,487,500,13,16,False,,,81.25
26,587238,8,8,0.27,0.17,"0,1",Reativo simples,mapa,8,4934.0,4448.0,486,500,14,16,False,,,87.5
26,587238,8,8,0.27,0.17,"0,1",Reativo simples,mapa,9,4985.0,4499.0,486,500,14,16,False,,,87.5
26,587238,8,8,0.27,0.17,"0,1",Baseado em modelo,mapa,0,577.0,527.0,50,66,16,16,True,66.0,50.0,100.0
27,294609,8,8,0.21,0.02,"0,1",Reativo simples,mapa,0,3611.0,3201.0,410,426,16,16,True,426.0,410.0,100.0
27,294609,8,8,0.21,0.02,"0,1",Reativo simples,mapa,1,3930.0,3501.0,429,445,16,16,True,445.0,429.0,100.0
27,294609,8,8,0.21,0.02,"0,1",Reativo simples,mapa,2,2809.0,2440.0,369,385,16,16,True,385.0,369.0,100.0
27,294609,8,8,0.21,0.02,"0,1",Reativo simples,mapa,3,3016.0,2731.0,285,301,16,16,True,301.0,285.0,100.0
27,294609,8,8,0.21,0.02,"0,1",Reativo simples,mapa,4,4289.0,3876.0,413,429,16,16,True,429.0,413.0,100.0
27,294609,8,8,0.21,0.02,"0,1",Reativo simples,mapa,5,5645.0,5159.0,486,500,14,16,False,,,87.5
27,294609,8,8,0.21,0.02,"0,1",Reativo simples,mapa,6,4965.0,4480.0,485,500,15,16,False,,,93.75
27,294609,8,8,0.21,0.02,"0,1",Reativo simples,mapa,7,4735.0,4250.0,485,500,15,16,False,,,93.75
27,294609,8,8,0.21,0.02,"0,1",Reativo simples,mapa,8,3679.0,3191.0,488,500,12,16,False,,,75.0
27,294609,8,8,0.21,0.02,"0,1",Reativo simples,mapa,9,3623.0,3236.0,387,403,16,16,True,403.0,387.0,100.0
27,294609,8,8,0.21,0.02,"0,1",Baseado em modelo,mapa,0,430.0,384.0,46,62,16,16,True,62.0,46.0,100.0
28,675861,8,8,0.28,0.05,"3,3",Reativo simples,mapa,0,3181.0,2920.0,261,279,18,18,True,279.0,261.0,100.0
28,675861,8,8,0.28,0.05,"3,3",Reativo simples,mapa,1,5751.0,5268.0,483,500,17,18,False,,,94.44444444444444
28,675861,8,8,0.28,0.05,"3,3",Reativo simples,mapa,2,5912.0,5428.0,484,500,16,18,False,,,88.88888888888889
28,675861,8,8,0.28,0.05,"3,3",Reativo simples,mapa,3,6253.0,5799.0,454,472,18,18,True,472.0,454.0,100.0
28,675861,8,8,0.28,0.05,"3,3",Reativo simples,mapa,4,6322.0,5838.0,484,500,16,18,False,,,88.88888888888889
28,675861,8,8,0.28,0.05,"3,3",Reativo simples,mapa,5,4981.0,4495.0,486,500,14,18,False,,,77.77777777777777
28,675861,8,8,0.28,0.05,"3,3",Reativo simples,mapa,6,4376.0,4024.0,352,370,18,18,True,370.0,352.0,100.0
28,675861,8,8,0.28,0.05,"3,3",Reativo simples,mapa,7,6171.0,5705.0,466,484,18,18,True,484.0,466.0,100.0
28,675861,8,8,0.28,0.05,"3,3",Reativo simples,mapa,8,6224.0,5739.0,485,500,15,18,False,,,83.33333333333333
28,675861,8,8,0.28,0.05,"3,3",Reativo simples,mapa,9,6722.0,6239.0,483,500,17,18,False,,,94.44444444444444
28,675861,8,8,0.28,0.05,"3,3",Baseado em modelo,mapa,0,767.0,712.0,55,73,18,18,True,73.0,55.0,100.0
29,768185,8,8,0.38,0.11,"5,4",Reativo simples,mapa,0,6220.0,5738.0,482,500,18,23,False,,,78.26086956521739
29,768185,8,8,0.38,0.11,"5,4",Reativo simples,mapa,1,7416.0,6935.0,481,500,19,23,False,,,82.6086956521739
29,768185,8,8,0.38,0.11,"5,4",Reativo simples,mapa,2,6983.0,6502.0,481,500,19,23,False,,,82.6086956521739
29,768185,8,8,0.38,0.11,"5,4",Reativo simples,mapa,3,7933.0,7455.0,478,500,22,23,False,,,95.65217391304348
29,768185,8,8,0.38,0.11,"5,4",Reativo simples,mapa,4,6522.0,6041.0,481,500,19,23,False,,,82.6086956521739
29,768185,8,8,0.38,0.11,"5,4",Reativo simples,mapa,5,6176.0,5696.0,480,500,20,23,False,,,86.95652173913044
29,768185,8,8,0.38,0.11,"5,4",Reativo simples,mapa,6,7109.0,6630.0,479,500,21,23,False,,,91.30434782608695
29,768185,8,8,0.38,0.11,"5,4",Reativo simples,mapa,7,6623.0,6141.0,482,500,18,23,False,,,78.26086956521739
29,768185,8,8,0.38,0.11,"5,4",Reativo simples,mapa,8,7563.0,7082.0,481,500,19,23,False,,,82.6086956521739
29,768185,8,8,0.38,0.11,"5,4",Reativo simples,mapa,9,8282.0,7803.0,479,500,21,23,False,,,91.30434782608695
29,768185,8,8,0.38,0.11,"5,4",Baseado em modelo,mapa,0,1272.0,1206.0,66,89,23,23,True,89.0,66.0,100.0
30,614812,8,8,0.55,0.22,"3,6",Reativo simples,mapa,0,9309.0,8835.0,474,500,26,36,False,,,72.22222222222223
30,614812,8,8,0.55,0.22,"3,6",Reativo simples,mapa,1,12065.0,11596.0,469,500,31,36,False,,,86.11111111111111
30,614812,8,8,0.55,0.22,"3,6",Reativo simples,mapa,2,9148.0,8678.0,470,500,30,36,False,,,83.33333333333333
30,614812,8,8,0.55,0.22,"3,6",Reativo simples,mapa,3,11899.0,11430.0,469,500,31,36,False,,,86.11111111111111
30,614812,8,8,0.55,0.22,"3,6",Reativo simples,mapa,4,11440.0,10971.0,469,500,31,36,False,,,86.11111111111111
30,614812,8,8,0.55,0.22,"3,6",Reativo simples,mapa,5,8853.0,8507.0,346,382,36,36,True,382.0,346.0,100.0
30,614812,8,8,0.55,0.22,"3,6",Reativo simples,mapa,6,11970.0,11501.0,469,500,31,36,False,,,86.11111111111111
30,614812,8,8,0.55,0.22,"3,6",Reativo simples,mapa,7,12763.0,12298.0,465,500,35,36,False,,,97.22222222222223
30,614812,8,8,0.55,0.22,"3,6",Reativo simples,mapa,8,4435.0,4233.0,202,238,36,36,True,238.0,202.0,100.0
30,614812,8,8,0.55,0.22,"3,6",Reativo simples,mapa,9,12859.0,12394.0,465,500,35,36,False,,,97.22222222222223
30,614812,8,8,0.55,0.22,"3,6",Baseado em modelo,mapa,0,1687.0,1631.0,56,92,36,36,True,92.0,56.0,100.0
31,168167,8,8,0.32,0.05,"2,3",Reativo simples,mapa,0,6276.0,5814.0,462,481,19,19,True,481.0,462.0,100.0
31,168167,8,8,0.32,0.05,"2,3",Reativo simples,mapa,1,3901.0,3620.0,281,300,19,19,True,300.0,281.0,100.0
31,168167,8,8,0.32,0.05,"2,3",Reativo simples,mapa,2,3130.0,2881.0,249,268,19,19,True,268.0,249.0,100.0
31,168167,8,8,0.32,0.05,"2,3",Reativo simples,mapa,3,6064.0,5579.0,485,500,15,19,False,,,78.94736842105263
31,168167,8,8,0.32,0.05,"2,3",Reativo simples,mapa,4,7092.0,6610.0,482,500,18,19,False,,,94.73684210526316
31,168167,8,8,0.32,0.05,"2,3",Reativo simples,mapa,5,6079.0,5596.0,483,500,17,19,False,,,89.47368421052632
31,168167,8,8,0.32,0.05,"2,3",Reativo simples,mapa,6,4609.0,4245.0,364,383,19,19,True,383.0,364.0,100.0
31,168167,8,8,0.32,0.05,"2,3",Reativo simples,mapa,7,4854.0,4370.0,484,500,16,19,False,,,84.21052631578948
31,168167,8,8,0.32,0.05,"2,3",Reativo simples,mapa,8,6116.0,5634.0,482,500,18,19,False,,,94.73684210526316
31,168167,8,8,0.32,0.05,"2,3",Reativo simples,mapa,9,5703.0,5220.0,483,500,17,19,False,,,89.47368421052632
31,168167,8,8,0.32,0.05,"2,3",Baseado em modelo,mapa,0,1039.0,974.0,65,84,19,19,True,84.0,65.0,100.0
32,477447,8,8,0.47,0.03,"2,5",Reativo simples,mapa,0,11816.0,11346.0,470,500,30,31,False,,,96.7741935483871
32,477447,8,8,0.47,0.03,"2,5",Reativo simples,mapa,1,9941.0,9470.0,471,500,29,31,False,,,93.54838709677419
32,477447,8,8,0.47,0.03,"2,5",Reativo simples,mapa,2,10892.0,10422.0,470,500,30,31,False,,,96.7741935483871
32,477447,8,8,0.47,0.03,"2,5",Reativo simples,mapa,3,9669.0,9256.0,413,444,31,31,True,444.0,413.0,100.0
32,477447,8,8,0.47,0.03,"2,5",Reativo simples,mapa,4,8601.0,8131.0,470,500,30,31,False,,,96.7741935483871
32,477447,8,8,0.47,0.03,"2,5",Reativo simples,mapa,5,8104.0,7630.0,474,500,26,31,False,,,83.87096774193549
32,477447,8,8,0.47,0.03,"2,5",Reativo simples,mapa,6,10996.0,10526.0,470,500,30,31,False,,,96.7741935483871
32,477447,8,8,0.47,0.03,"2,5",Reativo simples,mapa,7,9998.0,9527.0,471,500,29,31,False,,,93.54838709677419
32,477447,8,8,0.47,0.03,"2,5",Reativo simples,mapa,8,9875.0,9405.0,470,500,30,31,False,,,96.7741935483871
32,477447,8,8,0.47,0.03,"2,5",Reativo simples,mapa,9,11261.0,10790.0,471,500,29,31,False,,,93.54838709677419
32,477447,8,8,0.47,0.03,"2,5",Baseado em modelo,mapa,0,1215.0,1167.0,48,79,31,31,True,79.0,48.0,100.0
33,788646,8,8,0.4,0.16,"0,3",Reativo simples,mapa,0,4785.0,4300.0,485,500,15,20,False,,,75.0
33,788646,8,8,0.4,0.16,"0,3",Reativo simples,mapa,1,5671.0,5189.0,482,500,18,20,False,,,90.0
33,788646,8,8,0.4,0.16,"0,3",Reativo simples,mapa,2,6725.0,6244.0,481,500,19,20,False,,,95.0
33,788646,8,8,0.4,0.16,"0,3",Reativo simples,mapa,3,6039.0,5557.0,482,500,18,20,False,,,90.0
33,788646,8,8,0.4,0.16,"0,3",Reativo simples,mapa,4,7551.0,7070.0,481,500,19,20,False,,,95.0
33,788646,8,8,0.4,0.16,"0,3",Reativo simples,mapa,5,6472.0,5990.0,482,500,18,20,False,,,90.0
33,788646,8,8,0.4,0.16,"0,3",Reativo simples,mapa,6,6384.0,5903.0,481,500,19,20,False,,,95.0
33,788646,8,8,0.4,0.16,"0,3",Reativo simples,mapa,7,6697.0,6215.0,482,500,18,20,False,,,90.0
33,788646,8,8,0.4,0.16,"0,3",Reativo simples,mapa,8,4843.0,4362.0,481,500,19,20,False,,,95.0
33,788646,8,8,0.4,0.16,"0,3",Reativo simples,mapa,9,5049.0,4567.0,482,500,18,20,False,,,90.0
33,788646,8,8,0.4,0.16,"0,3",Baseado em modelo,mapa,0,974.0,906.0,68,88,20,20,True,88.0,68.0,100.0
34,638074,8,8,0.39,0.12,"0,3",Reativo simples,mapa,0,9376.0,8899.0,477,500,23,25,False,,,92.0
34,638074,8,8,0.39,0.12,"0,3",Reativo simples,mapa,1,7008.0,6527.0,481,500,19,25,False,,,76.0
34,638074,8,8,0.39,0.12,"0,3",Reativo simples,mapa,2,5612.0,5278.0,334,359,25,25,True,359.0,334.0,100.0
34,638074,8,8,0.39,0.12,"0,3",Reativo simples,mapa,3,8455.0,7978.0,477,500,23,25,False,,,92.0
34,638074,8,8,0.39,0.12,"0,3",Reativo simples,mapa,4,9068.0,8592.0,476,500,24,25,False,,,96.0
34,638074,8,8,0.39,0.12,"0,3",Reativo simples,mapa,5,8911.0,8435.0,476,500,24,25,False,,,96.0
34,638074,8,8,0.39,0.12,"0,3",Reativo simples,mapa,6,7289.0,6813.0,476,500,24,25,False,,,96.0
34,638074,8,8,0.39,0.12,"0,3",Reativo simples,mapa,7,9291.0,8815.0,476,500,24,25,False,,,96.0
34,638074,8,8,0.39,0.12,"0,3",Reativo simples,mapa,8,7879.0,7403.0,476,500,24,25,False,,,96.0
34,638074,8,8,0.39,0.12,"0,3",Reativo simples,mapa,9,8155.0,7676.0,479,500,21,25,False,,,84.0
34,638074,8,8,0.39,0.12,"0,3",Baseado em modelo,mapa,0,1245.0,1184.0,61,86,25,25,True,86.0,61.0,100.0
35,348172,8,8,0.2,0.08,"0,6",Reativo simples,mapa,0,1800.0,1508.0,292,303,11,11,True,303.0,292.0,100.0
35,348172,8,8,0.2,0.08,"0,6",Reativo simples,mapa,1,1025.0,767.0,258,269,11,11,True,269.0,258.0,100.0
35,348172,8,8,0.2,0.08,"0,6",Reativo simples,mapa,2,3495.0,3004.0,491,500,9,11,False,,,81.81818181818181
35,348172,8,8,0.2,0.08,"0,6",Reativo simples,mapa,3,3798.0,3308.0,490,500,10,11,False,,,90.9090909090909
35,348172,8,8,0.2,0.08,"0,6",Reativo simples,mapa,4,2661.0,2354.0,307,318,11,11,True,318.0,307.0,100.0
35,348172,8,8,0.2,0.08,"0,6",Reativo simples,mapa,5,3320.0,2829.0,491,500,9,11,False,,,81.81818181818181
35,348172,8,8,0.2,0.08,"0,6",Reativo simples,mapa,6,2717.0,2380.0,337,348,11,11,True,348.0,337.0,100.0
35,348172,8,8,0.2,0.08,"0,6",Reativo simples,mapa,7,3497.0,3006.0,491,500,9,11,False,,,81.81818181818181
35,348172,8,8,0.2,0.08,"0,6",Reativo simples,mapa,8,3344.0,2853.0,491,500,9,11,False,,,81.81818181818181
35,348172,8,8,0.2,0.08,"0,6",Reativo simples,mapa,9,3933.0,3443.0,490,500,10,11,False,,,90.9090909090909
35,348172,8,8,0.2,0.08,"0,6",Baseado em modelo,mapa,0,494.0,438.0,56,67,11,11,True,67.0,56.0,100.0
36,236033,8,8,0.44,0.03,"4,2",Reativo simples,mapa,0,8562.0,8122.0,440,471,31,31,True,471.0,440.0,100.0
36,236033,8,8,0.44,0.03,"4,2",Reativo simples,mapa,1,11084.0,10614.0,470,500,30,31,False,,,96.7741935483871
36,236033,8,8,0.44,0.03,"4,2",Reativo simples,mapa,2,8112.0,7642.0,470,500,30,31,False,,,96.7741935483871
36,236033,8,8,0.44,0.03,"4,2",Reativo simples,mapa,3,10782.0,10311.0,471,500,29,31,False,,,93.54838709677419
36,236033,8,8,0.44,0.03,"4,2",Reativo simples,mapa,4,8810.0,8386.0,424,455,31,31,True,455.0,424.0,100.0
36,236033,8,8,0.44,0.03,"4,2",Reativo simples,mapa,5,11219.0,10748.0,471,500,29,31,False,,,93.54838709677419
36,236033,8,8,0.44,0.03,"4,2",Reativo simples,mapa,6,9934.0,9464.0,470,500,30,31,False,,,96.7741935483871
36,236033,8,8,0.44,0.03,"4,2",Reativo simples,mapa,7,10772.0,10302.0,470,500,30,31,False,,,96.7741935483871
36,236033,8,8,0.44,0.03,"4,2",Reativo simples,mapa,8,11596.0,11144.0,452,483,31,31,True,483.0,452.0,100.0
36,236033,8,8,0.44,0.03,"4,2",Reativo simples,mapa,9,11034.0,10564.0,470,500,30,31,False,,,96.7741935483871
36,236033,8,8,0.44,0.03,"4,2",Baseado em modelo,mapa,0,1461.0,1403.0,58,89,31,31,True,89.0,58.0,100.0
37,925696,8,8,0.25,0.01,"6,1",Reativo simples,mapa,0,3136.0,2851.0,285,301,16,16,True,301.0,285.0,100.0
37,925696,8,8,0.25,0.01,"6,1",Reativo simples,mapa,1,5553.0,5068.0,485,500,15,16,False,,,93.75
37,925696,8,8,0.25,0.01,"6,1",Reativo simples,mapa,2,5764.0,5279.0,485,500,15,16,False,,,93.75
37,925696,8,8,0.25,0.01,"6,1",Reativo simples,mapa,3,3396.0,3042.0,354,370,16,16,True,370.0,354.0,100.0
37,925696,8,8,0.25,0.01,"6,1",Reativo simples,mapa,4,5452.0,4967.0,485,500,15,16,False,,,93.75
37,925696,8,8,0.25,0.01,"6,1",Reativo simples,mapa,5,4088.0,3600.0,488,500,12,16,False,,,75.0
37,925696,8,8,0.25,0.01,"6,1",Reativo simples,mapa,6,6197.0,5712.0,485,500,15,16,False,,,93.75
37,925696,8,8,0.25,0.01,"6,1",Reativo simples,mapa,7,4824.0,4383.0,441,457,16,16,True,457.0,441.0,100.0
37,925696,8,8,0.25,0.01,"6,1",Reativo simples,mapa,8,5735.0,5250.0,485,500,15,16,False,,,93.75
37,925696,8,8,0.25,0.01,"6,1",Reativo simples,mapa,9,4926.0,4438.0,488,500,12,16,False,,,75.0
37,925696,8,8,0.25,0.01,"6,1",Baseado em modelo,mapa,0,562.0,510.0,52,68,16,16,True,68.0,52.0,100.0
38,993261,8,8,0.57,0.12,"5,4",Reativo simples,mapa,0,9458.0,8992.0,466,500,34,36,False,,,94.44444444444444
38,993261,8,8,0.57,0.12,"5,4",Reativo simples,mapa,1,9810.0,9339.0,471,500,29,36,False,,,80.55555555555556
38,993261,8,8,0.57,0.12,"5,4",Reativo simples,mapa,2,12291.0,11825.0,466,500,34,36,False,,,94.44444444444444
38,993261,8,8,0.57,0.12,"5,4",Reativo simples,mapa,3,8844.0,8369.0,475,500,25,36,False,,,69.44444444444444
38,993261,8,8,0.57,0.12,"5,4",Reativo simples,mapa,4,10146.0,9677.0,469,500,31,36,False,,,86.11111111111111
38,993261,8,8,0.57,0.12,"5,4",Reativo simples,mapa,5,12438.0,11972.0,466,500,34,36,False,,,94.44444444444444
38,993261,8,8,0.57,0.12,"5,4",Reativo simples,mapa,6,11855.0,11388.0,467,500,33,36,False,,,91.66666666666667
38,993261,8,8,0.57,0.12,"5,4",Reativo simples,mapa,7,12937.0,12468.0,469,500,31,36,False,,,86.11111111111111
38,993261,8,8,0.57,0.12,"5,4",Reativo simples,mapa,8,11973.0,11507.0,466,500,34,36,False,,,94.44444444444444
38,993261,8,8,0.57,0.12,"5,4",Reativo simples,mapa,9,10520.0,10047.0,473,500,27,36,False,,,75.0
38,993261,8,8,0.57,0.12,"5,4",Baseado em modelo,mapa,0,2603.0,2523.0,80,116,36,36,True,116.0,80.0,100.0
39,971105,8,8,0.37,0.12,"5,7",Reativo simples,mapa,0,3790.0,3303.0,487,500,13,17,False,,,76.47058823529412
39,971105,8,8,0.37,0.12,"5,7",Reativo simples,mapa,1,4972.0,4486.0,486,500,14,17,False,,,82.3529411764706
39,971105,8,8,0.37,0.12,"5,7",Reativo simples,mapa,2,5184.0,4718.0,466,483,17,17,True,483.0,466.0,100.0
39,971105,8,8,0.37,0.12,"5,7",Reativo simples,mapa,3,5401.0,4916.0,485,500,15,17,False,,,88.23529411764706
39,971105,8,8,0.37,0.12,"5,7",Reativo simples,mapa,4,5961.0,5476.0,485,500,15,17,False,,,88.23529411764706
39,971105,8,8,0.37,0.12,"5,7",Reativo simples,mapa,5,5186.0,4700.0,486,500,14,17,False,,,82.3529411764706
39,971105,8,8,0.37,0.12,"5,7",Reativo simples,mapa,6,5643.0,5157.0,486,500,14,17,False,,,82.3529411764706
39,971105,8,8,0.37,0.12,"5,7",Reativo simples,mapa,7,4539.0,4054.0,485,500,15,17,False,,,88.23529411764706
39,971105,8,8,0.37,0.12,"5,7",Reativo simples,mapa,8,4467.0,3980.0,487,500,13,17,False,,,76.47058823529412
39,971105,8,8,0.37,0.12,"5,7",Reativo simples,mapa,9,4188.0,3704.0,484,500,16,17,False,,,94.11764705882354
39,971105,8,8,0.37,0.12,"5,7",Baseado em modelo,mapa,0,596.0,549.0,47,64,17,17,True,64.0,47.0,100.0
